adorable;person
adventurous;person
aggressive;person
agreeable;person
alert;person
alive;person
amused;person
angry;person
annoyed;person
annoying;person
anxious;person
arrogant;person
ashamed;person
attractive;person
average;person
awful;person
bad;person
beautiful;person
better;person
bewildered;person
black;person
bloody;person
blue;person
blue-eyed;person
blushing;person
bored;person
brainy;person
brave;person
breakable;person
bright;person
busy;person
calm;person
careful;person
cautious;person
charming;person
cheerful;person
clean;person
clear;person
clever;person
cloudy;person
clumsy;person
colorful;person
combative;person
comfortable;person
concerned;person
condemned;person
confused;person
cooperative;person
courageous;person
crazy;person
creepy;person
crowded;person
cruel;person
curious;person
cute;person
dangerous;person
dark;person
dead;person
defeated;person
defiant;person
delightful;person
depressed;person
determined;person
different;person
difficult;person
disgusted;person
distinct;person
disturbed;person
dizzy;person
doubtful;person
drab;person
dull;person
eager;person
easy;person
elated;person
elegant;person
embarrassed;person
enchanting;person
encouraging;person
energetic;person
enthusiastic;person
envious;person
evil;person
excited;person
expensive;person
exuberant;person
f;person
fair;person
faithful;person
famous;person
fancy;person
fantastic;person
fierce;person
filthy;person
fine;person
foolish;person
fragile;person
frail;person
frantic;person
friendly;person
frightened;person
funny;person
gentle;person
gifted;person
glamorous;person
gleaming;person
glorious;person
good;person
gorgeous;person
graceful;person
grieving;person
grotesque;person
grumpy;person
handsome;person
happy;person
healthy;person
helpful;person
helpless;person
hilarious;person
homeless;person
homely;person
horrible;person
hungry;person
hurt;person
ill;person
important;person
impossible;person
inexpensive;person
innocent;person
inquisitive;person
itchy;person
jealous;person
jittery;person
jolly;person
joyous;person
kind;person
lazy;person
light;person
lively;person
lonely;person
long;person
lovely;person
lucky;person
magificent;person
misty;person
modern;person
motionless;person
muddy;person
mushy;person
mysterious;person
nasty;person
naughty;person
nervous;person
nice;person
nutty;person
obedient;person
obnoxious;person
odd;person
old-fashioned;person
open;person
outrageous;person
outstanding;person
panicky;person
perfect;person
plain;person
pleasant;person
poised;person
poor;person
powerful;person
precious;person
prickly;person
proud;person
puzzled;person
quant;person
real;person
relieved;person
repulsive;person
rich;person
scary;person
selfish;person
shiny;person
shy;person
silly;person
sleepy;person
smiling;person
smoggy;person
sore;person
sparkling;person
splendid;person
spotless;person
stormy;person
strange;person
stupid;person
successful;person
super;person
talented;person
tame;person
tender;person
tense;person
terrible;person
tasty;person
thankful;person
thoughtful;person
thoughtless;person
tired;person
tough;person
troubled;person
ugliest;person
ugly;person
uninterested;person
unsightly;person
unusual;person
upset;person
uptight;person
vast;person
victorious;person
vivacious;person
wandering;person
weary;person
wicked;person
wide-eyed;person
wild;person
witty;person
worrisome;person
worried;person
wrong;person
zany;person
zealous;person
romantic;film
dramatic;film
action;film
rock;music
alternative;music
pop;music
classical;music
